Asset,Optimized Weight,Equal Weight
RELIANCE,0.30287969,0.25
HDFCBANK,0.08210272,0.25
TCS,0.22858095,0.25
INFY,0.38643665,0.25
